{
  "results": [
    {
      "command": "HOME=/tmp/cxbenchhome /Users/jezdez/Code/git/conda-express/target/release/cx bootstrap",
      "mean": 8.23688926504,
      "stddev": 2.8270866668951915,
      "median": 6.77849676504,
      "user": 6.5160436599999985,
      "system": 5.658839459999999,
      "min": 6.43680943104,
      "max": 11.49536159904,
      "times": [
        11.49536159904,
        6.77849676504,
        6.43680943104
      ],
      "memory_usage_byte": [
        188973056,
        188973056,
        188973056
      ],
      "exit_codes": [
        0,
        0,
        0
      ]
    }
  ]
}
