{
  "results": [
    {
      "command": "HOME=/tmp/cxbenchhome /Users/jezdez/Code/git/conda-express/target/release/cx create -n cxbench python=3.11 --dry-run",
      "mean": 1.60859057308,
      "stddev": 0.014595110818726328,
      "median": 1.61112521488,
      "user": 1.0883351,
      "system": 0.33331995999999997,
      "min": 1.58878867288,
      "max": 1.6261551728799999,
      "times": [
        1.5999280898800001,
        1.61695571488,
        1.58878867288,
        1.61112521488,
        1.6261551728799999
      ],
      "memory_usage_byte": [
        1393082368,
        1393082368,
        1393082368,
        1393082368,
        1393082368
      ],
      "exit_codes": [
        0,
        0,
        0,
        0,
        0
      ]
    },
    {
      "command": "/tmp/cxbenchhome/.cx/bin/conda create -n cxbench python=3.11 --dry-run",
      "mean": 1.5109634398799998,
      "stddev": 0.043539650245261005,
      "median": 1.4941008818800001,
      "user": 1.0735021000000002,
      "system": 0.32551055999999995,
      "min": 1.47917379888,
      "max": 1.58763167288,
      "times": [
        1.49990588088,
        1.49400496488,
        1.4941008818800001,
        1.58763167288,
        1.47917379888
      ],
      "memory_usage_byte": [
        1393082368,
        1393082368,
        1393082368,
        1393082368,
        1393082368
      ],
      "exit_codes": [
        0,
        0,
        0,
        0,
        0
      ]
    }
  ]
}
