{
  "results": [
    {
      "command": "HOME=/tmp/cxbenchhome /Users/jezdez/Code/git/conda-express/target/release/cx --version",
      "mean": 0.009845946930000005,
      "stddev": 0.0023342651207178106,
      "median": 0.010269519880000005,
      "user": 0.00284793,
      "system": 0.0019434899999999998,
      "min": 0.005714165380000004,
      "max": 0.015712791380000004,
      "times": [
        0.010375707380000005,
        0.012667915380000005,
        0.0072678323800000055,
        0.005714165380000004,
        0.006693999380000006,
        0.010613707380000004,
        0.011633249380000005,
        0.008903915380000006,
        0.008327248380000006,
        0.010465041380000005,
        0.011051040380000005,
        0.011178457380000006,
        0.010163332380000004,
        0.005929165380000004,
        0.015712791380000004,
        0.009704373380000006,
        0.010605790380000004,
        0.010400498380000005,
        0.010114416380000005,
        0.009396291380000005
      ],
      "memory_usage_byte": [
        8028160,
        8028160,
        8028160,
        8028160,
        8028160,
        8028160,
        8028160,
        8028160,
        8028160,
        8028160,
        8028160,
        8028160,
        8028160,
        8028160,
        8028160,
        8028160,
        8028160,
        8028160,
        8044544,
        8044544
      ],
      "exit_codes": [
        0,
        0,
        0,
        0,
        0,
        0,
        0,
        0,
        0,
        0,
        0,
        0,
        0,
        0,
        0,
        0,
        0,
        0,
        0,
        0
      ]
    },
    {
      "command": "/tmp/cxbenchhome/.cx/bin/conda --version",
      "mean": 0.56182609498,
      "stddev": 0.023535405295216916,
      "median": 0.55497031188,
      "user": 0.43419938,
      "system": 0.10175489,
      "min": 0.52857966638,
      "max": 0.63392487338,
      "times": [
        0.57350154138,
        0.5950331653800001,
        0.54598491638,
        0.54614737438,
        0.54958979038,
        0.58187974938,
        0.55903724938,
        0.54413583238,
        0.52857966638,
        0.54852087338,
        0.55012679138,
        0.55077341538,
        0.53835220738,
        0.56296374838,
        0.56121720738,
        0.56155149938,
        0.55090337438,
        0.5729836243800001,
        0.58131499938,
        0.63392487338
      ],
      "memory_usage_byte": [
        98369536,
        98369536,
        98369536,
        98369536,
        98369536,
        98631680,
        98631680,
        98631680,
        98631680,
        98631680,
        98631680,
        98631680,
        98631680,
        98631680,
        98631680,
        98631680,
        98631680,
        98631680,
        98631680,
        98631680
      ],
      "exit_codes": [
        0,
        0,
        0,
        0,
        0,
        0,
        0,
        0,
        0,
        0,
        0,
        0,
        0,
        0,
        0,
        0,
        0,
        0,
        0,
        0
      ]
    },
    {
      "command": "HOME=/tmp/cxbenchhome /Users/jezdez/Code/git/conda-express/target/release/cx info --json",
      "mean": 0.8551492927299998,
      "stddev": 0.0112963576094617,
      "median": 0.8547882073799999,
      "user": 0.6479407799999999,
      "system": 0.18906379,
      "min": 0.83653579038,
      "max": 0.87800008238,
      "times": [
        0.83965633238,
        0.84578674938,
        0.83997524838,
        0.84625979038,
        0.85390445738,
        0.85414995738,
        0.85343091538,
        0.8682066243800001,
        0.85581974938,
        0.85680037438,
        0.85942991538,
        0.8696570823800001,
        0.87800008238,
        0.86312558238,
        0.84791862338,
        0.83653579038,
        0.8616877483800001,
        0.85542645738,
        0.87142016638,
        0.84579420738
      ],
      "memory_usage_byte": [
        99991552,
        99991552,
        99991552,
        99991552,
        99991552,
        99991552,
        100171776,
        100171776,
        100171776,
        100171776,
        100171776,
        100171776,
        100171776,
        100171776,
        100352000,
        100352000,
        100417536,
        100417536,
        100417536,
        100417536
      ],
      "exit_codes": [
        0,
        0,
        0,
        0,
        0,
        0,
        0,
        0,
        0,
        0,
        0,
        0,
        0,
        0,
        0,
        0,
        0,
        0,
        0,
        0
      ]
    },
    {
      "command": "/tmp/cxbenchhome/.cx/bin/conda info --json",
      "mean": 0.83738708663,
      "stddev": 0.012044680343197573,
      "median": 0.8356015613800001,
      "user": 0.6363304799999998,
      "system": 0.18505914,
      "min": 0.81536591538,
      "max": 0.86747591638,
      "times": [
        0.8464127903800001,
        0.84848945738,
        0.86747591638,
        0.84539712438,
        0.8524709983800001,
        0.8437438323800001,
        0.83046741638,
        0.83435204038,
        0.83805299938,
        0.82891199938,
        0.82705237438,
        0.82213966538,
        0.8267725823800001,
        0.83074404038,
        0.83319520738,
        0.8297779993800001,
        0.83685108238,
        0.81536591538,
        0.8426720413800001,
        0.84739624938
      ],
      "memory_usage_byte": [
        100417536,
        100417536,
        100417536,
        100417536,
        100417536,
        100417536,
        100417536,
        100417536,
        100417536,
        100417536,
        100417536,
        100417536,
        100417536,
        100417536,
        100417536,
        100417536,
        100417536,
        100417536,
        100417536,
        100417536
      ],
      "exit_codes": [
        0,
        0,
        0,
        0,
        0,
        0,
        0,
        0,
        0,
        0,
        0,
        0,
        0,
        0,
        0,
        0,
        0,
        0,
        0,
        0
      ]
    }
  ]
}
